{
    "id": "battlegroup-PCs",
    "name": "battlegroup-PCs",
    "title": "Battlegroup pcs",
    "description": "Pre-built compendiums of PC facing data for Lancer Battlegroup, using the Lancer system.",
    "system": "lancer",
    "version": "1.1.0",
    "authors": [
        {
            "name": "Chris",
            "url": "",
            "discord": "Ragswolf"
        }
    ],
    "compatibility": {
        "minimum": "9",
        "verified": "11"
    },
    "packs": [
        {
            "name": "pc-ace-systems",
            "label": "PC Ace Systems - Battlegroup",
            "path": "./packs/pc-ace-systems-battlegroup.db",
            "system": "lancer",            
            "type": "Item"
        },
        {
            "name": "pc-hull-items",
            "label": "PC Hull Items - Battlegroup",
            "path": "./packs/pc-hulls-battlegroup.db",
            "system": "lancer",            
            "type": "Item"
        },
        {
            "name": "pc-hull-tokens",
            "label": "PC Hull Actors - Battlegroup",
            "path": "./packs/pc-hull-tokens-battlegroup.db",
            "system": "lancer",            
            "type": "Actor"
        },
        {
            "name": "pc-payload-tokens",
            "label": "PC Payload Deployables - Battlegroup",
            "path": "./packs/pc-payload-tokens.db",
            "system": "lancer",            
            "type": "Actor"
        },
        {
            "name": "pc-system-items",
            "label": "PC Ship System Items - Battlegroup",
            "path": "./packs/pc-ship-systems-battlegroup.db",
            "system": "lancer",            
            "type": "Item"
        },
        {
            "name": "pc-weapon-items",
            "label": "PC Weapon Items - Battlegroup",
            "path": "./packs/pc-weapons-battlegroup.db",
            "system": "lancer",            
            "type": "Item"
        },
        {
            "name": "pc-wing-escort-items",
            "label": "PC Wing and Escort Items - Battlegroup",
            "path": "./packs/pc-wing-and-escort-items-battlegroup.db",
            "system": "lancer",            
            "type": "Item"
        },
        {
            "name": "pc-wing-escort-tokens",
            "label": "PC Wing and Escort Deployables - Battlegroup",
            "path": "./packs/pc-wing-and-escort-tokens-battlegroup.db",
            "system": "lancer",                        
            "type": "Actor"
        },
        {
            "name": "tag-items",
            "label": "Tags - Battlegroup",
            "path": "./packs/tags-battlegroup.db",
            "system": "lancer",            
            "type": "Item"
        }
    ],
    "url": "https://github.com/cdiaz-stac/Lancer-Battlegroup-PC-Data/tree/main",
    "manifest": "https://raw.githubusercontent.com/cdiaz-stac/Lancer-Battlegroup-PC-Data/main/module.json",
    "download": "https://github.com/cdiaz-stac/Lancer-Battlegroup-PC-Data/raw/main/battlegroup-PCs.zip"
}
