{
	"name": "battlegroup-PCs",
	"title": "Lancer Battlegroup - PC Data",
	"description": "Pre-built compendiums of PC facing data for Lancer Battlegroup, using the Lancer system.",
	"author": "Gabriel",
	"version": "1.0.0",
	"minimumCoreVersion": "0.6.0",
	"compatibleCoreVersion": "0.9.280",
	"url": "IncludewebsiteURLhere if you want",
	"manifest": "ManifestURLhere",
	"download": "DownloadURLhere",
	"packs": [
	{
		"name": "pc-ace-systems",
		"label": "PC Ace Systems - Battlegroup",
		"system": "lancer",
		"path": "./packs/pc-ace-systems-battlegroup.db",
		"entity": "Item"
	},
	{
		"name": "pc-hull-items",
		"label": "PC Hull Items - Battlegroup",
		"system": "lancer",
		"path": "./packs/pc-hulls-battlegroup.db",
		"entity": "Item"
	},
	{
		"name": "pc-hull-tokens",
		"label": "PC Hull Actors - Battlegroup",
		"system": "lancer",
		"path": "./packs/pc-hull-tokens-battlegroup.db",
		"entity": "Actor"
	},
	{
		"name": "pc-payload-tokens",
		"label": "PC Payload Deployables - Battlegroup",
		"system": "lancer",
		"path": "./packs/pc-payload-tokens.db",
		"entity": "Actor"
	},
	{
		"name": "pc-system-items",
		"label": "PC Ship System Items - Battlegroup",
		"system": "lancer",
		"path": "./packs/pc-ship-systems-battlegroup.db",
		"entity": "Item"
	},
	{
		"name": "pc-weapon-items",
		"label": "PC Weapon Items - Battlegroup",
		"system": "lancer",
		"path": "./packs/pc-weapons-battlegroup.db",
		"entity": "Item"
	},
	{
		"name": "pc-wing-escort-items",
		"label": "PC Wing and Escort Items - Battlegroup",
		"system": "lancer",
		"path": "./packs/pc-wing-and-escort-items-battlegroup.db",
		"entity": "Item"
	},
	{
		"name": "pc-wing-escort-tokens",
		"label": "PC Wing and Escort Deployables - Battlegroup",
		"system": "lancer",
		"path": "./packs/pc-wing-and-escort-tokens-battlegroup.db",
		"entity": "Actor"
	},
	{
		"name": "tag-items",
		"label": "Tags - Battlegroup",
		"system": "lancer",
		"path": "./packs/tags-battlegroup.db",
		"entity": "Item"
	}
	]
}